Workbook

Sheet Sheet1
A1: Frame | B1: Time | C1: Region | D1: Target | E1: Victim
A2: 17 | B2: =VLOOKUP(A2, Sheet2!$A$2:$D$300, 4) -> 0.59828704 | C2: 101 | D2: 104, 105
A3: 18 | B3: =VLOOKUP(A3, Sheet2!$A$2:$D$300, 4) -> 0.59829861 | C3: 102 | D3: 104, 105 | E3: 104
A4: 19 | B4: =VLOOKUP(A4, Sheet2!$A$2:$D$300, 4) -> 0.59831019 | C4: 103 | D4: 104, 105 | E4: 104
A5: 39 | B5: =VLOOKUP(A5, Sheet2!$A$2:$D$300, 4) -> 0.59877315 | C5: 104 | D5: 16, 104, 105 | E5: 9, 10, 104, 105, 16, 106
A6: 56 | B6: =VLOOKUP(A6, Sheet2!$A$2:$D$300, 4) -> 0.59902778 | C6: 103 | D6: 14, 16, 104, 105 | E6: 9, 10, 14, 104, 105, 16, 106
A7: 73 | B7: =VLOOKUP(A7, Sheet2!$A$2:$D$300, 4) -> 0.59922454 | C7: 104 | D7: 14, 16, 104, 105, 109 | E7: 9, 10, 14, 104, 105, 16, 106, 107
A8: 84 | B8: =VLOOKUP(A8, Sheet2!$A$2:$D$300, 4) -> 0.59935185 | C8: 105 | D8: 14, 16, 104, 105, 109 | E8: 9, 10, 14, 104, 105, 16, 106, 107
A9: 97 | B9: =VLOOKUP(A9, Sheet2!$A$2:$D$300, 4) -> 0.59950231 | C9: 106 | D9: 13, 14, 15, 16, 104, 105, 109 | E9: 9, 10, 13, 14, 104, 105, 16, 106, 107
A10: 102 | B10: =VLOOKUP(A10, Sheet2!$A$2:$D$300, 4) -> 0.59956019 | C10: 107 | D10: 0, 13, 14, 15, 16, 104, 105, 109 | E10: 9, 10, 13, 14, 104, 105, 16, 106, 107
A11: 105 | B11: =VLOOKUP(A11, Sheet2!$A$2:$D$300, 4) -> 0.59959491 | C11: 109 | D11: 0, 13, 14, 15, 16, 104, 105, 109 | E11: 9, 10, 13, 14, 104, 105, 16, 106, 107
A12: 106 | B12: =VLOOKUP(A12, Sheet2!$A$2:$D$300, 4) -> 0.59960648 | C12: 110 | D12: 0, 13, 14, 15, 16, 104, 105, 109, 110 | E12: 9, 10, 13, 14, 104, 105, 16, 106, 107
A13: 117 | B13: =VLOOKUP(A13, Sheet2!$A$2:$D$300, 4) -> 0.5997338 | C13: 119 | D13: 0, 13, 14, 15, 16, 104, 105, 109, 110 | E13: 9, 10, 13, 14, 104, 105, 16, 106, 107, 110
A14: 118 | B14: =VLOOKUP(A14, Sheet2!$A$2:$D$300, 4) -> 0.59974537 | C14: 117 | D14: 0, 13, 14, 15, 16, 104, 105, 109, 110 | E14: 9, 10, 13, 14, 104, 105, 16, 106, 107, 110
A15: 123 | B15: =VLOOKUP(A15, Sheet2!$A$2:$D$300, 4) -> 0.59980324 | C15: 116 | D15: 0, 13, 14, 15, 16, 104, 105, 109, 110 | E15: 9, 10, 13, 14, 104, 105, 16, 106, 107, 110
A16: 127 | B16: =VLOOKUP(A16, Sheet2!$A$2:$D$300, 4) -> 0.59984954 | C16: 115 | D16: 0, 13, 14, 15, 16, 104, 105, 109, 110 | E16: 9, 10, 13, 14, 104, 105, 16, 106, 107, 110
... A36: 295 | B36: =VLOOKUP(A36, Sheet2!$A$2:$D$300, 4) -> 0.60270833 | C36: 0 | D36: 0, 13, 14, 15, 16, 47, 455, 104, 105, 109, 110, 123, 126 | E36: 9, 10, 13, 14, 104, 105, 16, 47, 49, 55, 106, 107, 110, 123, 126, 129

Sheet Sheet2
B1: node_alive | C1: node_victim
A2: 0 | B2: [16, 101, 102] | C2: [] | D2: 0.59809028
A3: 1 | B3: [16, 101, 102, 103] | C3: [] | D3: 0.59810185
A4: 2 | B4: [16, 101, 102, 103] | C4: [] | D4: 0.59811343
A5: 3 | B5: [16, 101, 102, 103] | C5: [] | D5: 0.598125
A6: 4 | B6: [16, 101, 102, 103] | C6: [] | D6: 0.59813657
A7: 5 | B7: [16, 101, 102, 103] | C7: [] | D7: 0.59814815
A8: 6 | B8: [16, 101, 102, 103] | C8: [] | D8: 0.59815972
A9: 7 | B9: [16, 101, 102, 103] | C9: [] | D9: 0.5981713
A10: 8 | B10: [16, 101, 102, 103] | C10: [] | D10: 0.59818287
A11: 9 | B11: [16, 101, 102, 103] | C11: [] | D11: 0.59819444
A12: 10 | B12: [16, 100, 101, 102, 103] | C12: [] | D12: 0.59820602
A13: 11 | B13: [16, 100, 101, 102, 103] | C13: [] | D13: 0.59821759
... A300: 298 | B300: [0, 9, 13, 14, 15, 16, 47, 49, 55, 100, 101, 102, 103, 105, 106, 107, 110, 123, 126] | C300: [9, 10, 13, 14, 15, 16, 47, 49, 55, 106, 107, 110, 123, 126, 129] | D300: 0.60273148
