Workbook

Sheet Sheet1
B1: node | C1: access | D1: location | E1: connectivity | F1: inside | G1: is_outside | H1: is_entrance | I1: is_stair | J1: is_hallway | K1: is_classroom | L1: is_common
A2: 0 | B2: 0 | C2: 1 | D2: west_outside_000 | E2: 3, 109, 110 | F2: 0 | G2: 1 | H2: 0 | I2: 0 | J2: 0 | K2: 0 | L2: 0
A3: 1 | B3: 1 | C3: 0 | D3: offices_001 | E3: 109 | F3: =VLOOKUP(B3, Sheet2!$A$2:$B$83, 2, FALSE) -> 128 | G3: 0 | H3: 0 | I3: 0 | J3: 0 | K3: 0 | L3: 1
A4: 2 | B4: 2 | C4: 0 | D4: classroom_002 | E4: 107 | F4: =VLOOKUP(B4, Sheet2!$A$2:$B$83, 2, FALSE) -> 108 | G4: 0 | H4: 0 | I4: 0 | J4: 0 | K4: 1 | L4: 0
A5: 3 | B5: 3 | C5: 1 | D5: east_outside_003 | E5: 0, 100, 101 | F5: 0 | G5: 1 | H5: 0 | I5: 0 | J5: 0 | K5: 0 | L5: 0
A6: 4 | B6: 4 | C6: 0 | D6: n/a | E6: 108 | F6: =VLOOKUP(B6, Sheet2!$A$2:$B$83, 2, FALSE) -> 60 | G6: 0 | H6: 0 | I6: 0 | J6: 0 | K6: 0 | L6: 0
A7: 5 | B7: 5 | C7: 0 | D7: n/a | E7: 108 | F7: =VLOOKUP(B7, Sheet2!$A$2:$B$83, 2, FALSE) -> 20 | G7: 0 | H7: 0 | I7: 0 | J7: 0 | K7: 0 | L7: 0
A8: 6 | B8: 6 | C8: 0 | D8: n/a | E8: 107 | F8: =VLOOKUP(B8, Sheet2!$A$2:$B$83, 2, FALSE) -> 9 | G8: 0 | H8: 0 | I8: 0 | J8: 0 | K8: 0 | L8: 0
A9: 7 | B9: 7 | C9: 0 | D9: n/a | E9: 107 | F9: =VLOOKUP(B9, Sheet2!$A$2:$B$83, 2, FALSE) -> 6 | G9: 0 | H9: 0 | I9: 0 | J9: 0 | K9: 0 | L9: 0
A10: 8 | B10: 8 | C10: 1 | D10: bathroom_008 | E10: 106 | F10: =VLOOKUP(B10, Sheet2!$A$2:$B$83, 2, FALSE) -> 48 | G10: 0 | H10: 0 | I10: 0 | J10: 0 | K10: 0 | L10: 1
A11: 9 | B11: 9 | C11: 1 | D11: bathroom_009 | E11: 106 | F11: =VLOOKUP(B11, Sheet2!$A$2:$B$83, 2, FALSE) -> 48 | G11: 0 | H11: 0 | I11: 0 | J11: 0 | K11: 0 | L11: 1
A12: 10 | B12: 10 | C12: 0 | D12: classroom_010 | E12: 106 | F12: =VLOOKUP(B12, Sheet2!$A$2:$B$83, 2, FALSE) -> 108 | G12: 0 | H12: 0 | I12: 0 | J12: 0 | K12: 1 | L12: 0
A13: 11 | B13: 11 | C13: 0 | D13: classroom_011 | E13: 106 | F13: =VLOOKUP(B13, Sheet2!$A$2:$B$83, 2, FALSE) -> 108 | G13: 0 | H13: 0 | I13: 0 | J13: 0 | K13: 1 | L13: 0
A14: 12 | B14: 12 | C14: 0 | D14: classroom_012 | E14: 105 | F14: =VLOOKUP(B14, Sheet2!$A$2:$B$83, 2, FALSE) -> 108 | G14: 0 | H14: 0 | I14: 0 | J14: 0 | K14: 1 | L14: 0
A15: 13 | B15: 13 | C15: 0 | D15: classroom_013 | E15: 105 | F15: =VLOOKUP(B15, Sheet2!$A$2:$B$83, 2, FALSE) -> 96 | G15: 0 | H15: 0 | I15: 0 | J15: 0 | K15: 1 | L15: 0
A16: 14 | B16: 14 | C16: 0 | D16: classroom_014 | E16: 104 | F16: =VLOOKUP(B16, Sheet2!$A$2:$B$83, 2, FALSE) -> 96 | G16: 0 | H16: 0 | I16: 0 | J16: 0 | K16: 1 | L16: 0
A17: 15 | B17: 15 | C17: 0 | D17: classroom_015 | E17: 104 | F17: =VLOOKUP(B17, Sheet2!$A$2:$B$83, 2, FALSE) -> 108 | G17: 0 | H17: 0 | I17: 0 | J17: 0 | K17: 1 | L17: 0
... A54: 52 | B54: 57 | C54: 0 | D54: classroom_057 | E54: 122 | F54: =VLOOKUP(B54, Sheet2!$A$2:$B$83, 2, FALSE) -> 106 | G54: 0 | H54: 0 | I54: 0 | J54: 0 | K54: 1 | L54: 0
A55: 53 | B55: 100 | C55: 1 | D55: east_stairs_100 | E55: 3, 101, 111, 121 | F55: =VLOOKUP(B55, Sheet2!$A$2:$B$83, 2, FALSE) -> 50 | G55: 0 | H55: 1 | I55: 1 | J55: 0 | K55: 0 | L55: 0
A56: 54 | B56: 101 | C56: 1 | D56: east_entrance_101 | E56: 3, 100, 102 | F56: =VLOOKUP(B56, Sheet2!$A$2:$B$83, 2, FALSE) -> 20 | G56: 0 | H56: 1 | I56: 0 | J56: 1 | K56: 0 | L56: 0
A57: 55 | B57: 102 | C57: 1 | D57: hallway_102 | E57: 18, 101, 103 | F57: =VLOOKUP(B57, Sheet2!$A$2:$B$83, 2, FALSE) -> 15 | G57: 0 | H57: 0 | I57: 0 | J57: 1 | K57: 0 | L57: 0
A58: 56 | B58: 103 | C58: 1 | D58: hallway_103 | E58: 16, 17, 102, 104 | F58: =VLOOKUP(B58, Sheet2!$A$2:$B$83, 2, FALSE) -> 27 | G58: 0 | H58: 0 | I58: 0 | J58: 1 | K58: 0 | L58: 0
A59: 57 | B59: 104 | C59: 1 | D59: hallway_104 | E59: 14, 15, 103, 105 | F59: =VLOOKUP(B59, Sheet2!$A$2:$B$83, 2, FALSE) -> 24 | G59: 0 | H59: 0 | I59: 0 | J59: 1 | K59: 0 | L59: 0
A60: 58 | B60: 105 | C60: 1 | D60: hallway_105 | E60: 12, 13, 104, 106 | F60: =VLOOKUP(B60, Sheet2!$A$2:$B$83, 2, FALSE) -> 27 | G60: 0 | H60: 0 | I60: 0 | J60: 1 | K60: 0 | L60: 0
A61: 59 | B61: 106 | C61: 1 | D61: hallway_106 | E61: 8, 9, 10, 11, 105, 107 | F61: =VLOOKUP(B61, Sheet2!$A$2:$B$83, 2, FALSE) -> 36 | G61: 0 | H61: 0 | I61: 0 | J61: 1 | K61: 0 | L61: 0
A62: 60 | B62: 107 | C62: 1 | D62: hallway_107 | E62: 2, 6, 7, 106, 108, 109 | F62: =VLOOKUP(B62, Sheet2!$A$2:$B$83, 2, FALSE) -> 35 | G62: 0 | H62: 0 | I62: 0 | J62: 1 | K62: 0 | L62: 0
A63: 61 | B63: 108 | C63: 1 | D63: hallway_108 | E63: 4, 5, 107 | F63: =VLOOKUP(B63, Sheet2!$A$2:$B$83, 2, FALSE) -> 30 | G63: 0 | H63: 0 | I63: 0 | J63: 1 | K63: 0 | L63: 0
A64: 62 | B64: 109 | C64: 1 | D64: west_entrance_109 | E64: 0, 1, 107, 110 | F64: =VLOOKUP(B64, Sheet2!$A$2:$B$83, 2, FALSE) -> 24 | G64: 0 | H64: 1 | I64: 0 | J64: 1 | K64: 0 | L64: 0
A65: 63 | B65: 110 | C65: 1 | D65: west_stairs_110 | E65: 0, 109, 119, 129 | F65: =VLOOKUP(B65, Sheet2!$A$2:$B$83, 2, FALSE) -> 66 | G65: 0 | H65: 1 | I65: 1 | J65: 0 | K65: 0 | L65: 0
A66: 64 | B66: 111 | C66: 1 | D66: hallway_111 | E66: 100, 112 | F66: =VLOOKUP(B66, Sheet2!$A$2:$B$83, 2, FALSE) -> 20 | G66: 0 | H66: 0 | I66: 0 | J66: 1 | K66: 0 | L66: 0
... A83: 81 | B83: 129 | C83: 1 | D83: hallway_129 | E83: 40, 110, 127 | F83: =VLOOKUP(B83, Sheet2!$A$2:$B$83, 2, FALSE) -> 24 | G83: 0 | H83: 0 | I83: 0 | J83: 1 | K83: 0 | L83: 0

Sheet Sheet2
A1: node | B1: counts
A2: 0 | B2: 436
A3: 1 | B3: 128
A4: 2 | B4: 108
A5: 3 | B5: 351
A6: 4 | B6: 60
A7: 5 | B7: 20
A8: 6 | B8: 9
A9: 7 | B9: 6
A10: 8 | B10: 48
A11: 9 | B11: 48
A12: 10 | B12: 108
A13: 11 | B13: 108
... A83: 129 | B83: 24
